tag,mode,threshold,window,resolved,stop_frame,stop_time,stop_py,stop_tangent_vel,final_frame,final_time,final_py,final_tangent_vel,min_tangent_vel,max_tangent_vel
AR200_gap0.001_mu0.0_t0,sustained,1e-05,10,0,2000000,200.0,15.7069,0.32060259660605483,2000000,200.0,15.7069,0.32060259660605483,0.001335342057607311,843.0863048668119
AR200_gap0.001_mu0.0_t1,sustained,1e-05,10,0,2000000,200.0,6.01594,0.2715026738776082,2000000,200.0,6.01594,0.2715026738776082,0.005976508371214884,765.8339919267283
AR200_gap0.001_mu0.0_t10,sustained,1e-05,10,0,2000000,200.0,-15.1548,0.3156138231439789,2000000,200.0,-15.1548,0.3156138231439789,0.031525160746599556,754.5700091631027
AR200_gap0.001_mu0.0_t11,sustained,1e-05,10,0,2000000,200.0,-26.9785,0.10289120005046226,2000000,200.0,-26.9785,0.10289120005046226,0.0003563550696087381,1.4182811882891777
AR200_gap0.001_mu0.0_t12,sustained,1e-05,10,0,2000000,200.0,-3.71378,0.2220037237464213,2000000,200.0,-3.71378,0.2220037237464213,0.00043551634755756297,175.70384687879937
AR200_gap0.001_mu0.0_t13,sustained,1e-05,10,0,2000000,200.0,10.2537,0.29265242616580167,2000000,200.0,10.2537,0.29265242616580167,0.003516829041591117,884.080210024893
AR200_gap0.001_mu0.0_t14,sustained,1e-05,10,0,2000000,200.0,16.6455,0.3231509435007507,2000000,200.0,16.6455,0.3231509435007507,0.010894742562565063,4582.142829303091
AR200_gap0.001_mu0.0_t15,sustained,1e-05,10,0,2000000,200.0,6.68995,0.27460375167803996,2000000,200.0,6.68995,0.27460375167803996,0.028994170097308477,822.0772545627541
AR200_gap0.001_mu0.0_t16,sustained,1e-05,10,0,2000000,200.0,-13.7576,0.3100742320603171,2000000,200.0,-13.7576,0.3100742320603171,0.009809938669466098,742.997400631392
AR200_gap0.001_mu0.0_t17,sustained,1e-05,10,0,2000000,200.0,-17.6553,0.1523405537927472,2000000,200.0,-17.6553,0.1523405537927472,0.005253239084539896,41.48695586322023
AR200_gap0.001_mu0.0_t18,sustained,1e-05,10,0,2000000,200.0,-12.0319,0.3019927537893442,2000000,200.0,-12.0319,0.3019927537893442,0.00125276164538346,563.4592197349991
AR200_gap0.001_mu0.0_t19,sustained,1e-05,10,0,2000000,200.0,-3.00796,0.22572255639336136,2000000,200.0,-3.00796,0.22572255639336136,0.010773613475786998,677.6592165601998
AR200_gap0.001_mu0.0_t2,sustained,1e-05,10,0,2000000,200.0,-26.4669,0.11067244720428748,2000000,200.0,-26.4669,0.11067244720428748,0.030659223495328403,0.2815304956606657
AR200_gap0.001_mu0.0_t3,sustained,1e-05,10,0,2000000,200.0,-15.2513,0.1651020204681985,2000000,200.0,-15.2513,0.1651020204681985,0.004042545816311097,782.8825002868771
AR200_gap0.001_mu0.0_t4,sustained,1e-05,10,0,2000000,200.0,-25.7315,0.11374631453973594,2000000,200.0,-25.7315,0.11374631453973594,0.0254013009844391,0.5878013461918409
AR200_gap0.001_mu0.0_t5,sustained,1e-05,10,0,2000000,200.0,1.95536,0.2507197978622943,2000000,200.0,1.95536,0.2507197978622943,0.0027185416557565555,1540.8206997837715
AR200_gap0.001_mu0.0_t6,sustained,1e-05,10,0,2000000,200.0,-21.8085,0.05630992417717715,2000000,200.0,-21.8085,0.05630992417717715,0.005867112151753853,0.3204246556734639
AR200_gap0.001_mu0.0_t7,sustained,1e-05,10,0,2000000,200.0,-13.756,0.17163737416795688,2000000,200.0,-13.756,0.17163737416795688,0.005734044469836164,492.7686526313656
AR200_gap0.001_mu0.0_t8,sustained,1e-05,10,0,2000000,200.0,-6.38827,0.2093912818676682,2000000,200.0,-6.38827,0.2093912818676682,0.0009336025468655341,506.4444180487196
AR200_gap0.001_mu0.0_t9,sustained,1e-05,10,0,2000000,200.0,-38.7612,0.04369244592742971,2000000,200.0,-38.7612,0.04369244592742971,0.003950605278639732,859.251101130199
AR200_gap0.001_mu0.1_t0,sustained,1e-05,10,1,41700,4.17,0.009887,2.933701342846106e-06,2000000,200.0,0.0137544,0.00034417444355777784,8.608311205293527e-08,0.0980019
AR200_gap0.001_mu0.1_t1,sustained,1e-05,10,1,51400,5.140000000000001,0.000573258,6.701640373845854e-07,2000000,200.0,0.000378329,1.1747517359749734e-06,7.546395376703957e-10,0.03064
AR200_gap0.001_mu0.1_t10,sustained,1e-05,10,1,31400,3.14,-0.000286643,3.105887650740699e-06,2000000,200.0,0.00251061,3.54972549988312e-05,2.4221196153922548e-09,0.07461
AR200_gap0.001_mu0.1_t11,sustained,1e-05,10,1,81000,8.1,-0.0115714,8.52634478426489e-06,2000000,200.0,-0.0115027,8.595505397995792e-07,3.394639315408281e-11,0.138177
AR200_gap0.001_mu0.1_t12,sustained,1e-05,10,1,248100,24.810000000000002,-0.0665721,7.4626682199901245e-06,2000000,200.0,-0.0666254,1.3080571974726578e-06,9.002123916981735e-09,0.10264321586393098
AR200_gap0.001_mu0.1_t13,sustained,1e-05,10,1,129500,12.950000000000001,-3.9262e-05,9.286941459368445e-06,2000000,200.0,6.87412e-06,3.2440595491506946e-07,4.627200414166199e-09,0.0519191
AR200_gap0.001_mu0.1_t14,sustained,1e-05,10,1,83100,8.31,0.00220051,5.117764911058382e-07,2000000,200.0,0.0020514,1.2034161152547224e-07,1.8304393759897344e-10,0.0822496
AR200_gap0.001_mu0.1_t15,sustained,1e-05,10,1,139700,13.97,0.000441651,9.93774045702819e-07,2000000,200.0,0.000390091,1.7328718406822283e-07,6.735464588927789e-08,0.0338001
AR200_gap0.001_mu0.1_t16,sustained,1e-05,10,1,232100,23.21,0.000257367,6.641825619723449e-06,2000000,200.0,7.26639e-06,1.1534173465116428e-05,1.0905149038749337e-08,0.0693091
AR200_gap0.001_mu0.1_t17,sustained,1e-05,10,1,1133300,113.33000000000001,-0.124374,5.4491672281958226e-06,2000000,200.0,-0.125833,4.826582175964947e-06,8.585967584678121e-07,0.148081659771572
AR200_gap0.001_mu0.1_t18,sustained,1e-05,10,0,2000000,200.0,-19.8973,0.21647557610850576,2000000,200.0,-19.8973,0.21647557610850576,1.6529420644544577e-06,450.00287624701315
AR200_gap0.001_mu0.1_t19,sustained,1e-05,10,1,60200,6.0200000000000005,-0.000441265,7.226465433558068e-06,2000000,200.0,-0.000300947,1.0188105725751181e-06,8.231733091789614e-09,0.0153139
AR200_gap0.001_mu0.1_t2,sustained,1e-05,10,0,2000000,200.0,95.416,0.5728870879622883,2000000,200.0,95.416,0.5728870879622883,5.811432093404231e-07,3440.40935316628
AR200_gap0.001_mu0.1_t3,sustained,1e-05,10,1,44100,4.41,-0.0034816,6.372477231880613e-06,2000000,200.0,-0.00352423,1.8041647124247848e-06,1.023452141142078e-07,0.0757752
AR200_gap0.001_mu0.1_t4,sustained,1e-05,10,1,91000,9.1,-0.00176058,8.512742980165507e-06,2000000,200.0,-0.00174955,2.7788811544737225e-06,2.717325055639475e-10,0.127276
AR200_gap0.001_mu0.1_t5,sustained,1e-05,10,1,68800,6.88,4.41688e-05,6.963528206108304e-06,2000000,200.0,0.00020128,2.750379565916479e-06,6.093997054365503e-09,0.00996436
AR200_gap0.001_mu0.1_t6,sustained,1e-05,10,1,40500,4.05,-0.0052602,9.10180034625141e-06,2000000,200.0,-0.00530754,7.045029417540083e-07,7.969203587554944e-09,0.109295
AR200_gap0.001_mu0.1_t7,sustained,1e-05,10,1,92800,9.280000000000001,-0.000817265,7.28260529748065e-06,2000000,200.0,-0.00085904,2.6227456553648803e-07,1.6081702381268537e-10,0.0691528
AR200_gap0.001_mu0.1_t8,sustained,1e-05,10,1,282700,28.270000000000003,-1.71692,1.9098170898853205e-06,2000000,200.0,-1.71692,4.038798588978329e-07,7.261752400507558e-10,27.21309554000841
AR200_gap0.001_mu0.1_t9,sustained,1e-05,10,1,75800,7.58,-0.0328819,1.78947587807557e-07,2000000,200.0,-0.0325729,4.139562690023946e-06,1.9491386655900038e-10,0.197186
AR200_gap0.001_mu0.2_t0,sustained,1e-05,10,1,23800,2.38,1.22147e-05,5.329516696901066e-06,2000000,200.0,1.31695e-05,1.0394837499763386e-06,2.159023782037564e-08,0.00688383
AR200_gap0.001_mu0.2_t1,sustained,1e-05,10,1,89500,8.950000000000001,0.000589812,9.423924195737915e-06,2000000,200.0,-14.832,0.5315724726911,3.042978938666304e-09,1418.1389100078823
AR200_gap0.001_mu0.2_t10,sustained,1e-05,10,1,67600,6.760000000000001,-0.165785,9.147693742723655e-07,2000000,200.0,-0.165785,6.010645915444777e-09,7.920308114334824e-12,1.971338797478582
AR200_gap0.001_mu0.2_t11,sustained,1e-05,10,1,65700,6.57,-0.00529984,5.852662766767851e-06,2000000,200.0,-0.00538414,1.349788807173772e-06,1.6191949290441071e-07,0.138177
AR200_gap0.001_mu0.2_t12,sustained,1e-05,10,1,74400,7.44,-0.000191939,7.639679145970308e-06,2000000,200.0,-3.50576e-05,1.1845925900134338e-05,3.788639350271294e-10,0.0183537
AR200_gap0.001_mu0.2_t13,sustained,1e-05,10,1,39300,3.93,0.000484045,5.870435440344102e-06,2000000,200.0,0.000572194,1.692331229925772e-07,1.4926300852412732e-10,0.0519191
AR200_gap0.001_mu0.2_t14,sustained,1e-05,10,1,41800,4.180000000000001,0.000814998,9.248931658975589e-06,2000000,200.0,0.00105031,3.3533202278570634e-06,1.8397594403822026e-07,0.0822496
AR200_gap0.001_mu0.2_t15,sustained,1e-05,10,1,738900,73.89,0.0273955,9.24999529651045e-06,2000000,200.0,0.0250725,7.931066818763578e-05,3.9640539641368985e-06,0.0338001
AR200_gap0.001_mu0.2_t16,sustained,1e-05,10,1,40600,4.0600000000000005,-0.00025519,5.492142457253653e-06,2000000,200.0,-0.000133573,4.751231005126467e-07,1.2848894175072205e-10,0.0693091
AR200_gap0.001_mu0.2_t17,sustained,1e-05,10,1,42200,4.220000000000001,-0.00795082,8.797414758096361e-06,2000000,200.0,-0.0076461,1.149177664916393e-06,4.453240330917367e-11,0.088577
AR200_gap0.001_mu0.2_t18,sustained,1e-05,10,1,72000,7.2,-0.00230407,6.747076634021091e-06,2000000,200.0,-0.00303944,1.4263382404132456e-06,1.9413907121822209e-10,0.0612709
AR200_gap0.001_mu0.2_t19,sustained,1e-05,10,1,170100,17.01,-0.219537,3.318299974300423e-07,2000000,200.0,-0.219537,3.035288710524566e-07,4.943094413659733e-09,2.063928180227538
AR200_gap0.001_mu0.2_t2,sustained,1e-05,10,1,102700,10.270000000000001,-0.0482048,8.584857512395651e-06,2000000,200.0,-0.0481447,9.367930820951347e-07,6.152474126903094e-08,0.14808496792640571
AR200_gap0.001_mu0.2_t3,sustained,1e-05,10,1,16200,1.62,-0.00185456,4.5547965704739455e-06,2000000,200.0,-0.00157359,3.1769438526003993e-06,6.824056158934065e-08,0.0757752
AR200_gap0.001_mu0.2_t4,sustained,1e-05,10,0,2000000,200.0,-62.0745,0.4709225543600539,2000000,200.0,-62.0745,0.4709225543600539,7.642568843075769e-05,1112.2816543672825
AR200_gap0.001_mu0.2_t5,sustained,1e-05,10,1,32200,3.22,-2.5921e-05,8.349374664334724e-06,2000000,200.0,-0.000313913,1.8321999329607814e-07,4.2599676753103704e-08,0.00996436
AR200_gap0.001_mu0.2_t6,sustained,1e-05,10,1,34500,3.45,-0.00279105,4.2058748071388884e-06,2000000,200.0,-0.00287877,1.0845684805377728e-08,9.089374187593277e-09,0.109295
AR200_gap0.001_mu0.2_t7,sustained,1e-05,10,1,32400,3.24,-0.000405544,6.796193898923875e-06,2000000,200.0,-0.000821607,0.00014415162708120795,1.5098872430936701e-09,0.0691528
AR200_gap0.001_mu0.2_t8,sustained,1e-05,10,1,219400,21.94,0.000328714,5.607984509266371e-06,2000000,200.0,-0.000880677,1.5259983284824322e-05,9.388977016724806e-07,0.0315558
AR200_gap0.001_mu0.2_t9,sustained,1e-05,10,0,2000000,200.0,-62.4066,0.6618747233146358,2000000,200.0,-62.4066,0.6618747233146358,2.8215898608149104e-06,30.416334680994176
AR200_gap0.001_mu0.4_t0,sustained,1e-05,10,1,823000,82.3,-0.00306665,8.61949621600133e-06,2000000,200.0,-0.0030933,3.3835283750902056e-06,8.789042261488051e-09,0.101621
AR200_gap0.001_mu0.4_t1,sustained,1e-05,10,1,33900,3.39,0.00013987,7.815346706256536e-06,2000000,200.0,0.00169368,0.00013835943462412858,7.072512001195722e-10,0.03064
AR200_gap0.001_mu0.4_t10,sustained,1e-05,10,0,2000000,200.0,-71.9557,0.714369947909544,2000000,200.0,-71.9557,0.714369947909544,7.500969710048086e-07,17.007895332511865
AR200_gap0.001_mu0.4_t11,sustained,1e-05,10,1,25500,2.5500000000000003,-0.00273234,7.517632818965866e-06,2000000,200.0,-0.00265059,8.328300327939032e-06,1.5004197354647765e-10,0.138177
AR200_gap0.001_mu0.4_t12,sustained,1e-05,10,1,29700,2.97,-0.000210106,7.143748685647918e-06,2000000,200.0,-0.000179181,5.032117755312565e-07,2.0588974667111696e-08,0.0183537
AR200_gap0.001_mu0.4_t13,sustained,1e-05,10,1,19000,1.9000000000000001,0.000184998,8.507099675659511e-06,2000000,200.0,0.000177864,1.4056696677484673e-07,2.8242141653458686e-12,0.0519191
AR200_gap0.001_mu0.4_t14,sustained,1e-05,10,1,20900,2.0900000000000003,0.000487995,9.479972529298562e-06,2000000,200.0,0.000547457,9.676398982913241e-08,1.8644813930994508e-08,0.0822496
AR200_gap0.001_mu0.4_t15,sustained,1e-05,10,1,387700,38.77,0.00581496,8.42460295166962e-06,2000000,200.0,0.00580904,1.2076233526049097e-06,1.2064767283342715e-07,0.0338001
AR200_gap0.001_mu0.4_t16,sustained,1e-05,10,1,57000,5.7,-0.000237688,6.149102661868246e-06,2000000,200.0,-0.000303933,8.60099206594527e-08,7.417223434149884e-08,0.0693091
AR200_gap0.001_mu0.4_t17,sustained,1e-05,10,1,28800,2.8800000000000003,-0.00335072,7.111555394091037e-06,2000000,200.0,-0.0026803,9.835873803864592e-06,1.1407565012429814e-09,0.088577
AR200_gap0.001_mu0.4_t18,sustained,1e-05,10,1,25500,2.5500000000000003,-0.00104821,3.4573180904652296e-06,2000000,200.0,-0.0697462,2.3141655636732986e-07,4.33273330316065e-09,0.12007531833099491
AR200_gap0.001_mu0.4_t19,sustained,1e-05,10,1,31600,3.16,8.64044e-05,9.489239130043495e-06,2000000,200.0,0.000368302,5.7419730853790565e-06,1.44911430296761e-10,0.0153139
AR200_gap0.001_mu0.4_t2,sustained,1e-05,10,1,26100,2.6100000000000003,-0.000395452,5.682380879163563e-06,2000000,200.0,-0.00301926,1.7956821076995117e-05,4.877209786751692e-10,0.130311
AR200_gap0.001_mu0.4_t3,sustained,1e-05,10,1,162500,16.25,-0.00125245,8.545243927909796e-06,2000000,200.0,-0.000223613,0.00037730787066526526,4.3605433359112755e-09,0.0757752
AR200_gap0.001_mu0.4_t4,sustained,1e-05,10,1,107000,10.700000000000001,-0.991923,9.914756175803936e-06,2000000,200.0,-0.991923,2.4487576823508574e-07,4.1331444457960814e-10,30.93413157765624
AR200_gap0.001_mu0.4_t5,sustained,1e-05,10,1,37600,3.7600000000000002,0.000272133,2.160530013132747e-06,2000000,200.0,0.000446523,2.5069807598626074e-06,6.754472409591993e-10,0.00996436
AR200_gap0.001_mu0.4_t6,sustained,1e-05,10,1,27600,2.7600000000000002,-0.00121877,5.878089949941977e-06,2000000,200.0,-1.41079,1.0301275729226265,4.3227343723862175e-07,11.378052998858912
AR200_gap0.001_mu0.4_t7,sustained,1e-05,10,1,140300,14.030000000000001,-0.0469153,3.428007435626183e-06,2000000,200.0,-0.0469596,5.200404330579905e-07,4.473314099073623e-08,0.15126049369318734
AR200_gap0.001_mu0.4_t8,sustained,1e-05,10,0,2000000,200.0,-74.2431,0.6954484040852358,2000000,200.0,-74.2431,0.6954484040852358,6.049315755461107e-07,1886.7350891268047
AR200_gap0.001_mu0.4_t9,sustained,1e-05,10,1,261900,26.19,-0.00239664,6.921039965851829e-06,2000000,200.0,-0.00244517,1.6901315022209346e-06,3.056119505082274e-08,0.197186
AR200_gap0.001_mu1.0_t0,sustained,1e-05,10,1,21500,2.15,-0.00196991,5.73530636578123e-06,2000000,200.0,-0.00258836,1.4605284677037068e-06,2.4699836377850377e-11,0.142076
AR200_gap0.001_mu1.0_t1,sustained,1e-05,10,1,272100,27.21,-0.000669797,9.779853309919917e-06,2000000,200.0,0.00144386,3.0936141618664586e-05,4.0268673787663424e-07,0.03064
AR200_gap0.001_mu1.0_t10,sustained,1e-05,10,1,40500,4.05,0.000259486,9.531663092773177e-06,2000000,200.0,0.000599945,3.669694869718229e-07,1.1426539143028854e-10,0.07461
AR200_gap0.001_mu1.0_t11,sustained,1e-05,10,1,55600,5.5600000000000005,-0.00121963,8.105008644700523e-06,2000000,200.0,-0.00117242,6.457166160878373e-06,2.841265633357108e-10,0.138177
AR200_gap0.001_mu1.0_t12,sustained,1e-05,10,1,28900,2.89,-0.000132783,7.839749343577879e-07,2000000,200.0,-3.50133e-05,4.5765557385834927e-07,6.821818031790346e-11,0.0183537
AR200_gap0.001_mu1.0_t13,sustained,1e-05,10,1,113500,11.350000000000001,-0.00152442,4.78477195934319e-07,2000000,200.0,-0.00160257,1.2325017339064488e-06,1.512115438442664e-09,0.0519191
AR200_gap0.001_mu1.0_t14,sustained,1e-05,10,1,33400,3.3400000000000003,0.000304823,8.62834877278697e-06,2000000,200.0,7.76149e-05,1.1784167250652735e-07,2.1579950604780931e-10,0.0822496
AR200_gap0.001_mu1.0_t15,sustained,1e-05,10,1,32200,3.22,0.000240093,8.133235536925506e-06,2000000,200.0,0.000443076,7.846784711444628e-06,1.808191095285337e-11,0.0338001
AR200_gap0.001_mu1.0_t16,sustained,1e-05,10,1,30700,3.0700000000000003,-0.000105942,5.420554276145612e-06,2000000,200.0,-0.309584,1.6517645384630772e-05,4.755446392327106e-08,4.2639704817040425
AR200_gap0.001_mu1.0_t17,sustained,1e-05,10,1,419300,41.93,0.021013,5.767635937464407e-06,2000000,200.0,0.0214752,7.344362607455582e-07,3.3474863691743598e-09,0.088577
AR200_gap0.001_mu1.0_t18,sustained,1e-05,10,1,22500,2.25,-0.00042887,6.619503028983379e-06,2000000,200.0,-5.90541e-05,2.739429949894537e-06,2.8175645541480565e-08,0.0612709
AR200_gap0.001_mu1.0_t19,sustained,1e-05,10,1,31600,3.16,-0.000270555,8.976140009884563e-06,2000000,200.0,-0.00020369,9.652379794673611e-07,4.4362179655065924e-11,0.0153139
AR200_gap0.001_mu1.0_t2,sustained,1e-05,10,1,21700,2.17,-0.000316301,3.1930481481279608e-06,2000000,200.0,0.000518836,5.721914016928018e-06,3.23564001368941e-10,0.130311
AR200_gap0.001_mu1.0_t3,sustained,1e-05,10,1,13100,1.31,-0.000437752,2.3071571080256638e-06,2000000,200.0,0.000420197,4.157324236226352e-05,6.632221817982004e-10,0.0757752
AR200_gap0.001_mu1.0_t4,sustained,1e-05,10,1,16300,1.6300000000000001,0.000128339,3.1993272065537086e-06,2000000,200.0,0.00375129,4.17195270297877e-05,1.4051516291541425e-08,0.127276
AR200_gap0.001_mu1.0_t5,sustained,1e-05,10,1,53200,5.32,0.000389603,8.86307942712078e-06,2000000,200.0,-0.000875937,2.490269476642e-06,1.2955768085955427e-09,0.00996436
AR200_gap0.001_mu1.0_t6,sustained,1e-05,10,1,212700,21.27,-0.264915,8.624060488900934e-06,2000000,200.0,-0.264915,1.3455125829334216e-06,3.93995203932981e-10,2.048974786722754
AR200_gap0.001_mu1.0_t7,sustained,1e-05,10,1,92900,9.290000000000001,-0.000517225,9.119770702507884e-06,2000000,200.0,-0.000522689,7.387678723307495e-08,3.7200016101022543e-09,0.0691528
AR200_gap0.001_mu1.0_t8,sustained,1e-05,10,1,30900,3.0900000000000003,-5.4064e-05,8.475532671245335e-06,2000000,200.0,-0.000499377,5.067098518359521e-06,6.293413797907826e-10,0.0315558
AR200_gap0.001_mu1.0_t9,sustained,1e-05,10,1,286100,28.610000000000003,-0.0548411,8.349119440916748e-06,2000000,200.0,-0.0548357,6.410652414389902e-06,1.8917740002291986e-08,0.197186
AR200_gap0.01_mu0.0_t0,sustained,1e-05,10,0,2000000,200.0,-21.813,0.11061895081871127,2000000,200.0,-21.813,0.11061895081871127,0.0001121584585924984,0.5912222270617389
AR200_gap0.01_mu0.0_t1,sustained,1e-05,10,0,2000000,200.0,6.01594,0.06187126597916169,2000000,200.0,6.01594,0.06187126597916169,8.00744015859306e-05,0.45961497407668295
AR200_gap0.01_mu0.0_t10,sustained,1e-05,10,0,2000000,200.0,-15.1548,0.44842815658547464,2000000,200.0,-15.1548,0.44842815658547464,7.049749246011705e-05,0.5472907434600803
AR200_gap0.01_mu0.0_t11,sustained,1e-05,10,0,2000000,200.0,-26.9785,0.2494949480921514,2000000,200.0,-26.9785,0.2494949480921514,7.828867314985111e-07,0.6098602328984974
AR200_gap0.01_mu0.0_t12,sustained,1e-05,10,0,2000000,200.0,-3.71378,0.17820051834956352,2000000,200.0,-3.71378,0.17820051834956352,3.251232241787208e-05,0.5026146196042458
AR200_gap0.01_mu0.0_t13,sustained,1e-05,10,0,2000000,200.0,10.2537,0.08107807317510603,2000000,200.0,10.2537,0.08107807317510603,2.090961818322634e-06,0.4798201453371439
AR200_gap0.01_mu0.0_t14,sustained,1e-05,10,0,2000000,200.0,16.6455,0.08094718638119558,2000000,200.0,16.6455,0.08094718638119558,9.293928139551821e-07,0.5729743858080254
AR200_gap0.01_mu0.0_t15,sustained,1e-05,10,0,2000000,200.0,6.68995,0.03633313662114785,2000000,200.0,6.68995,0.03633313662114785,2.1901286192435587e-05,0.5434943129108419
AR200_gap0.01_mu0.0_t16,sustained,1e-05,10,0,2000000,200.0,-13.7576,0.01241482103968529,2000000,200.0,-13.7576,0.01241482103968529,5.808594399137057e-06,0.5600249690387634
AR200_gap0.01_mu0.0_t17,sustained,1e-05,10,0,2000000,200.0,-17.6553,0.08972827369043128,2000000,200.0,-17.6553,0.08972827369043128,0.0789680235850996,0.09884577132346441
AR200_gap0.01_mu0.0_t18,sustained,1e-05,10,0,2000000,200.0,-12.0319,0.06202651340308772,2000000,200.0,-12.0319,0.06202651340308772,0.00011273614622871186,0.4729149458357631
AR200_gap0.01_mu0.0_t19,sustained,1e-05,10,0,2000000,200.0,-3.00796,0.17475942369198452,2000000,200.0,-3.00796,0.17475942369198452,1.3273603200782136e-07,0.46820293463826945
AR200_gap0.01_mu0.0_t2,sustained,1e-05,10,0,2000000,200.0,-26.4669,0.07066843446238966,2000000,200.0,-26.4669,0.07066843446238966,1.2148590939307924e-06,0.6255264173669095
AR200_gap0.01_mu0.0_t3,sustained,1e-05,10,0,2000000,200.0,-15.2513,0.19154664725327963,2000000,200.0,-15.2513,0.19154664725327963,0.00033982118172995197,0.5410243135613743
AR200_gap0.01_mu0.0_t4,sustained,1e-05,10,0,2000000,200.0,-25.7315,0.10485025919854532,2000000,200.0,-25.7315,0.10485025919854532,6.254107817037224e-06,0.6188973627589869
AR200_gap0.01_mu0.0_t5,sustained,1e-05,10,0,2000000,200.0,1.95536,0.04303957039424404,2000000,200.0,1.95536,0.04303957039424404,1.428810862842949e-06,0.45541118512726564
AR200_gap0.01_mu0.0_t6,sustained,1e-05,10,0,2000000,200.0,-21.8085,0.2098109630132552,2000000,200.0,-21.8085,0.2098109630132552,3.300584465912998e-05,0.5886785941318483
AR200_gap0.01_mu0.0_t7,sustained,1e-05,10,0,2000000,200.0,-13.756,2.4530474971196092e-05,2000000,200.0,-13.756,2.4530474971196092e-05,2.4530474971196092e-05,0.6129974638450914
AR200_gap0.01_mu0.0_t8,sustained,1e-05,10,0,2000000,200.0,-6.38827,0.08516920815886354,2000000,200.0,-6.38827,0.08516920815886354,3.6353043502534294e-06,0.5158881087744951
AR200_gap0.01_mu0.0_t9,sustained,1e-05,10,0,2000000,200.0,-38.7612,0.3180030845579649,2000000,200.0,-38.7612,0.3180030845579649,1.6963475025749686e-05,0.6788069974931832
AR200_gap0.01_mu0.1_t0,sustained,1e-05,10,1,213000,21.3,0.00867311,1.9332983159450903e-06,2000000,200.0,0.00170157,0.00025778267086838615,3.6286945755745865e-07,0.0609956
AR200_gap0.01_mu0.1_t1,sustained,1e-05,10,1,1211000,121.10000000000001,0.00459358,8.948256070219514e-06,2000000,200.0,0.00945636,9.144740886806693e-05,4.8217025654609586e-08,0.03064
AR200_gap0.01_mu0.1_t10,sustained,1e-05,10,0,2000000,200.0,0.0189417,0.0003728004014961908,2000000,200.0,0.0189417,0.0003728004014961908,4.332488040874612e-07,0.07461
AR200_gap0.01_mu0.1_t11,sustained,1e-05,10,1,252800,25.28,-0.105659,6.384504509972815e-06,2000000,200.0,-0.114542,0.00016380463536842194,1.1126399114854886e-07,0.138177
AR200_gap0.01_mu0.1_t12,sustained,1e-05,10,0,2000000,200.0,0.0219421,0.0009455417581443581,2000000,200.0,0.0219421,0.0009455417581443581,1.3279734447666854e-06,0.0183537
AR200_gap0.01_mu0.1_t13,sustained,1e-05,10,1,517000,51.7,-0.00167644,3.2085423841916966e-06,2000000,200.0,-0.00293728,6.254559530727795e-05,5.657397542487485e-09,0.05216904293735883
AR200_gap0.01_mu0.1_t14,sustained,1e-05,10,1,670100,67.01,0.018264,8.647143834753882e-06,2000000,200.0,0.0162087,8.479349363022994e-05,1.424553666569994e-08,0.08281466016842448
AR200_gap0.01_mu0.1_t15,sustained,1e-05,10,1,616100,61.61,0.00403408,4.009796710392735e-06,2000000,200.0,0.00110996,1.0238628718402778e-05,2.9443569993695425e-08,0.03501578939105974
AR200_gap0.01_mu0.1_t16,sustained,1e-05,10,1,578900,57.89,-0.00847861,9.144004849598292e-06,2000000,200.0,-0.0127935,0.00010060675913760296,9.236107425422105e-08,0.06963493397102749
AR200_gap0.01_mu0.1_t17,sustained,1e-05,10,1,201300,20.130000000000003,-0.135428,4.881537041379029e-06,2000000,200.0,-0.149921,0.0006170492799126333,3.090943801105688e-08,0.088577
AR200_gap0.01_mu0.1_t18,sustained,1e-05,10,1,455200,45.52,-0.0394773,6.151609463716544e-06,2000000,200.0,-0.0395983,4.75490492940258e-05,4.14741190699961e-09,0.0612709
AR200_gap0.01_mu0.1_t19,sustained,1e-05,10,1,521800,52.18,0.00466568,5.202259536588056e-06,2000000,200.0,0.00481912,4.6162331212536716e-05,4.863268250184629e-09,0.015676721738218824
AR200_gap0.01_mu0.1_t2,sustained,1e-05,10,1,352400,35.24,-0.00610097,5.592241573543311e-06,2000000,200.0,-0.00367626,1.4642003588173852e-06,1.4320559130875644e-10,0.130311
AR200_gap0.01_mu0.1_t3,sustained,1e-05,10,1,370200,37.02,-0.0387242,6.277511678415387e-06,2000000,200.0,-0.0354469,0.0001521673813138277,5.390348825703932e-08,0.0757752
AR200_gap0.01_mu0.1_t4,sustained,1e-05,10,1,191900,19.19,-0.0118623,8.886714434094993e-06,2000000,200.0,-0.00910162,3.360121081159014e-05,1.896482821058684e-08,0.1279049007177863
AR200_gap0.01_mu0.1_t5,sustained,1e-05,10,0,2000000,200.0,-0.0606481,0.0011832984410332084,2000000,200.0,-0.0606481,0.0011832984410332084,5.155593963193798e-06,0.00996436
AR200_gap0.01_mu0.1_t6,sustained,1e-05,10,1,796500,79.65,-0.0590422,7.970052560964231e-06,2000000,200.0,-0.0621182,4.704400676578489e-05,7.275123142705133e-09,0.10996867618827817
AR200_gap0.01_mu0.1_t7,sustained,1e-05,10,0,2000000,200.0,-0.00195074,0.0005541412682262213,2000000,200.0,-0.00195074,0.0005541412682262213,9.44188556215424e-08,0.0691528
AR200_gap0.01_mu0.1_t8,sustained,1e-05,10,1,1768000,176.8,-0.0119648,6.082517248956668e-06,2000000,200.0,-0.0136313,0.00013805546592832342,5.386397806313192e-07,0.032484080376376616
AR200_gap0.01_mu0.1_t9,sustained,1e-05,10,1,566600,56.660000000000004,-0.0128803,3.542406234579959e-06,2000000,200.0,-0.00892347,0.00011078212047045499,1.5288470300544636e-08,0.19835997782912837
AR200_gap0.01_mu0.2_t0,sustained,1e-05,10,1,1597500,159.75,-0.0487368,8.95941549231623e-06,2000000,200.0,-0.0487579,8.390708010520614e-05,3.686493984805966e-06,0.0936085
AR200_gap0.01_mu0.2_t1,sustained,1e-05,10,0,2000000,200.0,0.0167511,0.000698433819926986,2000000,200.0,0.0167511,0.000698433819926986,5.68300873082469e-07,0.03064
AR200_gap0.01_mu0.2_t10,sustained,1e-05,10,1,295700,29.57,-0.00528921,4.794308663917539e-06,2000000,200.0,-0.0146677,0.00010265188685772614,2.8073730885722226e-08,0.07461
AR200_gap0.01_mu0.2_t11,sustained,1e-05,10,1,135800,13.58,-0.0510063,4.3969711969575755e-06,2000000,200.0,-0.0531722,2.4862288655916715e-05,3.4288077729317904e-09,0.138177
AR200_gap0.01_mu0.2_t12,sustained,1e-05,10,1,799200,79.92,0.00184599,9.109430588605147e-06,2000000,200.0,0.0031401,9.869069826279994e-05,1.3443449761215497e-08,0.0183537
AR200_gap0.01_mu0.2_t13,sustained,1e-05,10,1,530700,53.07,0.00541035,1.8713175569604455e-06,2000000,200.0,0.00756608,0.0005562590440136606,7.641801314802264e-08,0.05216904293735883
AR200_gap0.01_mu0.2_t14,sustained,1e-05,10,0,2000000,200.0,-0.0456141,0.04043127971747568,2000000,200.0,-0.0456141,0.04043127971747568,3.29862422483406e-07,0.09753992177707654
AR200_gap0.01_mu0.2_t15,sustained,1e-05,10,1,1291700,129.17000000000002,0.0148388,4.998665463386099e-06,2000000,200.0,0.0143142,1.4874432062810468e-05,6.647545264269855e-08,0.03501578939105974
AR200_gap0.01_mu0.2_t16,sustained,1e-05,10,0,2000000,200.0,0.041093,0.00011420188644612119,2000000,200.0,0.041093,0.00011420188644612119,4.701594175817882e-10,0.06963493397102749
AR200_gap0.01_mu0.2_t17,sustained,1e-05,10,1,117800,11.780000000000001,-0.0775921,8.249067589374712e-06,2000000,200.0,-0.0756411,4.436349745205217e-05,3.0260975451217953e-07,0.088577
AR200_gap0.01_mu0.2_t18,sustained,1e-05,10,1,203700,20.37,-0.0215924,4.7272367396380274e-07,2000000,200.0,-0.0173396,3.7918862557497865e-05,4.521758044233822e-08,0.0612709
AR200_gap0.01_mu0.2_t19,sustained,1e-05,10,0,2000000,200.0,0.0380284,0.0009351878383982729,2000000,200.0,0.0380284,0.0009351878383982729,1.3152861593873076e-05,0.015676721738218824
AR200_gap0.01_mu0.2_t2,sustained,1e-05,10,1,968100,96.81,-0.00545204,9.73271008692202e-06,2000000,200.0,-0.00362822,4.669928908730204e-05,3.901030828044804e-09,0.130311
AR200_gap0.01_mu0.2_t3,sustained,1e-05,10,1,137200,13.72,-0.0170408,1.1812429485177897e-06,2000000,200.0,0.0140821,0.00010606003771230525,2.618505220981879e-09,0.0757752
AR200_gap0.01_mu0.2_t4,sustained,1e-05,10,1,659400,65.94,-0.00475878,9.1898210751739e-06,2000000,200.0,-0.00464174,0.00017651275196859165,4.987007720058198e-09,0.1279049007177863
AR200_gap0.01_mu0.2_t5,sustained,1e-05,10,1,204600,20.46,0.0101225,8.665412311730777e-06,2000000,200.0,0.0135793,3.823419542063689e-05,7.551771897958816e-08,0.00996436
AR200_gap0.01_mu0.2_t6,sustained,1e-05,10,1,198500,19.85,-0.0282777,5.172270001809303e-06,2000000,200.0,-0.0118792,0.0020849151339849404,3.892510408737009e-09,0.10996867618827817
AR200_gap0.01_mu0.2_t7,sustained,1e-05,10,1,529000,52.900000000000006,-0.00256817,3.615947590368343e-06,2000000,200.0,-0.00118701,1.29435048792913e-05,9.600163524608468e-10,0.0691528
AR200_gap0.01_mu0.2_t8,sustained,1e-05,10,1,416900,41.690000000000005,0.00817904,7.0383450021157255e-06,2000000,200.0,0.00716119,1.6431835725491817e-05,6.4097059454026995e-09,0.032484080376376616
AR200_gap0.01_mu0.2_t9,sustained,1e-05,10,0,2000000,200.0,-0.820481,0.26949213664099003,2000000,200.0,-0.820481,0.26949213664099003,1.8963877800341408e-08,1.1038548408421898
AR200_gap0.01_mu0.4_t0,sustained,1e-05,10,1,1201700,120.17,-0.0163804,9.627911153782408e-06,2000000,200.0,-0.016243,6.810105324378145e-06,5.35164247523684e-10,0.228801
AR200_gap0.01_mu0.4_t1,sustained,1e-05,10,1,1184900,118.49000000000001,0.00149346,9.811938382030401e-06,2000000,200.0,0.000600788,2.9120793712960535e-05,8.509680768913487e-07,0.03064
AR200_gap0.01_mu0.4_t10,sustained,1e-05,10,1,310400,31.040000000000003,-0.00408419,7.682368726393123e-06,2000000,200.0,-0.00294233,2.8922949838185913e-05,7.378232244869206e-08,0.07461
AR200_gap0.01_mu0.4_t11,sustained,1e-05,10,1,520600,52.06,-0.035476,4.896628128184851e-07,2000000,200.0,-0.0384452,6.888615284528834e-05,1.012786322270516e-08,0.138177
AR200_gap0.01_mu0.4_t12,sustained,1e-05,10,1,515400,51.54,-0.0141937,7.234093300673887e-06,2000000,200.0,-0.0126873,2.838720663756037e-07,5.3809224704024796e-08,0.0183537
AR200_gap0.01_mu0.4_t13,sustained,1e-05,10,1,150600,15.06,0.000423703,3.86008336383292e-06,2000000,200.0,0.00771627,0.000857952364519598,2.504028419236096e-08,0.05216904293735883
AR200_gap0.01_mu0.4_t14,sustained,1e-05,10,1,157300,15.73,0.00198386,1.0681122144452154e-06,2000000,200.0,0.00813335,4.272094625644754e-05,1.0905075756761322e-08,0.08281466016842448
AR200_gap0.01_mu0.4_t15,sustained,1e-05,10,0,2000000,200.0,0.647022,0.43883312660465046,2000000,200.0,0.647022,0.43883312660465046,3.9266641002867417e-07,1.1145627321946492
AR200_gap0.01_mu0.4_t16,sustained,1e-05,10,1,162600,16.26,-0.00315927,8.911344946803363e-06,2000000,200.0,-0.0242575,0.005010787881583313,2.1465318957969914e-08,0.06963493397102749
AR200_gap0.01_mu0.4_t17,sustained,1e-05,10,0,2000000,200.0,-0.0304599,0.0009165966567798737,2000000,200.0,-0.0304599,0.0009165966567798737,5.0651566915226325e-05,0.088577
AR200_gap0.01_mu0.4_t18,sustained,1e-05,10,1,110700,11.07,-0.0102384,3.1048497062504863e-06,2000000,200.0,-0.00373275,8.369292106941435e-05,1.4967374033055763e-07,0.0612709
AR200_gap0.01_mu0.4_t19,sustained,1e-05,10,0,2000000,200.0,-0.0497545,0.0013822184248446904,2000000,200.0,-0.0497545,0.0013822184248446904,1.6149482297275817e-07,0.015676721738218824
AR200_gap0.01_mu0.4_t2,sustained,1e-05,10,1,1141700,114.17,0.0181701,3.7737107402509347e-06,2000000,200.0,0.0181464,7.358305912004148e-05,1.114966261767266e-08,0.130311
AR200_gap0.01_mu0.4_t3,sustained,1e-05,10,0,2000000,200.0,0.183747,0.011647105476197253,2000000,200.0,0.183747,0.011647105476197253,0.00031761365751924376,0.0757752
AR200_gap0.01_mu0.4_t4,sustained,1e-05,10,0,2000000,200.0,-0.0360437,0.0024764311496736505,2000000,200.0,-0.0360437,0.0024764311496736505,1.8689108844102866e-06,0.1279049007177863
AR200_gap0.01_mu0.4_t5,sustained,1e-05,10,1,371300,37.13,0.000910394,7.908511903178839e-06,2000000,200.0,0.00987686,6.051975956794968e-05,4.6838756805066215e-07,0.00996436
AR200_gap0.01_mu0.4_t6,sustained,1e-05,10,1,290800,29.080000000000002,-0.0134589,9.229043532627089e-06,2000000,200.0,-0.0158199,3.356877811355121e-05,5.510518371531971e-09,0.10996867618827817
AR200_gap0.01_mu0.4_t7,sustained,1e-05,10,1,202100,20.21,-0.0153772,1.8391070467570554e-06,2000000,200.0,-0.0138821,8.299566452753505e-05,6.000144071658637e-09,0.0691528
AR200_gap0.01_mu0.4_t8,sustained,1e-05,10,1,217000,21.7,0.00188547,5.683743883686279e-06,2000000,200.0,0.00522121,0.00041078870613371686,1.667985634678288e-08,0.032484080376376616
AR200_gap0.01_mu0.4_t9,sustained,1e-05,10,1,1035000,103.5,0.110425,1.7596365246097824e-06,2000000,200.0,0.121409,0.00011591641311223448,3.1171641038717615e-08,0.19835997782912837
AR200_gap0.01_mu1.0_t0,sustained,1e-05,10,0,2000000,200.0,-0.10754,0.028355849428739692,2000000,200.0,-0.10754,0.028355849428739692,5.671265062311869e-07,0.11711292156501342
AR200_gap0.01_mu1.0_t1,sustained,1e-05,10,0,2000000,200.0,-0.0169536,0.00036208195925853165,2000000,200.0,-0.0169536,0.00036208195925853165,2.8934621698422335e-07,0.03064
AR200_gap0.01_mu1.0_t10,sustained,1e-05,10,1,391200,39.120000000000005,-0.0220429,4.401754848872398e-06,2000000,200.0,-0.023416,1.3002292764484354e-05,2.625503069746738e-07,0.07461
AR200_gap0.01_mu1.0_t11,sustained,1e-05,10,0,2000000,200.0,0.121394,0.0014621469537981278,2000000,200.0,0.121394,0.0014621469537981278,6.505644666820529e-06,0.138177
AR200_gap0.01_mu1.0_t12,sustained,1e-05,10,0,2000000,200.0,0.0183479,0.0008003419612426431,2000000,200.0,0.0183479,0.0008003419612426431,0.0002940524427625137,0.0183537
AR200_gap0.01_mu1.0_t13,sustained,1e-05,10,0,2000000,200.0,-81.3909,1.2201634698007198,2000000,200.0,-81.3909,1.2201634698007198,0.0018264829398242713,1.2275621558140246
AR200_gap0.01_mu1.0_t14,sustained,1e-05,10,1,587600,58.760000000000005,-0.00108302,9.385202380013737e-06,2000000,200.0,-0.00105059,0.0002060863592044007,1.2318631627732098e-09,0.08281466016842448
AR200_gap0.01_mu1.0_t15,sustained,1e-05,10,0,2000000,200.0,-42.4136,0.24941819878756674,2000000,200.0,-42.4136,0.24941819878756674,3.9266641002867417e-07,1.2208306877355644
AR200_gap0.01_mu1.0_t16,sustained,1e-05,10,0,2000000,200.0,1.31374,0.5454315945737753,2000000,200.0,1.31374,0.5454315945737753,0.0004518850208286541,1.1015466071131337
AR200_gap0.01_mu1.0_t17,sustained,1e-05,10,0,2000000,200.0,-0.0478311,0.008656741943821919,2000000,200.0,-0.0478311,0.008656741943821919,0.0002949546163357065,0.088577
AR200_gap0.01_mu1.0_t18,sustained,1e-05,10,1,1113300,111.33,-0.0100097,9.199716279218366e-06,2000000,200.0,-0.00945269,1.6401999094617006e-05,1.5203514207707596e-06,0.0612709
AR200_gap0.01_mu1.0_t19,sustained,1e-05,10,1,459600,45.96,-0.00332992,9.840340961924043e-06,2000000,200.0,-0.00407927,9.27715700943473e-06,2.225843152922885e-09,0.015676721738218824
AR200_gap0.01_mu1.0_t2,sustained,1e-05,10,1,172900,17.29,-0.00332729,7.539945936075973e-06,2000000,200.0,0.000169366,3.028990369983303e-06,4.569993604709336e-09,0.130311
AR200_gap0.01_mu1.0_t3,sustained,1e-05,10,1,84600,8.46,-0.00503334,1.151110899960629e-06,2000000,200.0,-0.00702595,3.910418903109812e-05,7.946969690150565e-09,0.0757752
AR200_gap0.01_mu1.0_t4,sustained,1e-05,10,0,2000000,200.0,90.5687,0.3525940977301948,2000000,200.0,90.5687,0.3525940977301948,0.0027174077059109116,1.1203757682569628
AR200_gap0.01_mu1.0_t5,sustained,1e-05,10,1,152500,15.25,0.000980853,4.782317851536481e-06,2000000,200.0,0.0110148,0.00017149866632956324,1.7110767902401714e-07,0.00996436
AR200_gap0.01_mu1.0_t6,sustained,1e-05,10,0,2000000,200.0,0.0206804,0.003702700366082853,2000000,200.0,0.0206804,0.003702700366082853,5.721460481542792e-05,0.10996867618827817
AR200_gap0.01_mu1.0_t7,sustained,1e-05,10,0,2000000,200.0,-0.110651,0.008836555962820652,2000000,200.0,-0.110651,0.008836555962820652,1.538271444477243e-05,0.0825565158030666
AR200_gap0.01_mu1.0_t8,sustained,1e-05,10,1,1100700,110.07000000000001,-0.00152507,9.760191993282219e-06,2000000,200.0,-0.000915539,9.145752051316375e-06,9.81222686689614e-07,0.032484080376376616
AR200_gap0.01_mu1.0_t9,sustained,1e-05,10,1,308300,30.830000000000002,0.00717536,6.6346929121424285e-06,2000000,200.0,-0.00282358,3.198308467615263e-05,6.323483819970246e-09,0.19835997782912837
AR200_gap0.1_mu0.0_t0,sustained,1e-05,10,0,2000000,200.0,-4.34842,0.019967224229761573,2000000,200.0,-4.34842,0.019967224229761573,0.0042094330444190226,0.04114989716148634
AR200_gap0.1_mu0.0_t1,sustained,1e-05,10,0,2000000,200.0,6.01594,0.03110757428025245,2000000,200.0,6.01594,0.03110757428025245,0.01272605590824158,0.048123871791429934
AR200_gap0.1_mu0.0_t10,sustained,1e-05,10,0,2000000,200.0,-15.1548,0.06407555429988417,2000000,200.0,-15.1548,0.06407555429988417,0.0001414401442299193,0.13968575208338893
AR200_gap0.1_mu0.0_t11,sustained,1e-05,10,0,2000000,200.0,-26.9785,0.13897889414540646,2000000,200.0,-26.9785,0.13897889414540646,0.11982978865242513,0.14846132341321633
AR200_gap0.1_mu0.0_t12,sustained,1e-05,10,0,2000000,200.0,-3.71378,0.03180804643104458,2000000,200.0,-3.71378,0.03180804643104458,1.3983507848935178e-05,0.04357052095760631
AR200_gap0.1_mu0.0_t13,sustained,1e-05,10,0,2000000,200.0,10.2537,0.04859865616636782,2000000,200.0,10.2537,0.04859865616636782,0.0014786567867612413,0.10308454935008338
AR200_gap0.1_mu0.0_t14,sustained,1e-05,10,0,2000000,200.0,16.6455,0.08019063063785657,2000000,200.0,16.6455,0.08019063063785657,0.04870260639993866,0.11294207364842479
AR200_gap0.1_mu0.0_t15,sustained,1e-05,10,0,2000000,200.0,6.68995,0.03706261500783252,2000000,200.0,6.68995,0.03706261500783252,0.0025044106386936,0.06909343674525864
AR200_gap0.1_mu0.0_t16,sustained,1e-05,10,0,2000000,200.0,-13.7576,0.0769125221524047,2000000,200.0,-13.7576,0.0769125221524047,0.01243386495719044,0.1210101093427122
AR200_gap0.1_mu0.0_t17,sustained,1e-05,10,0,2000000,200.0,-17.6553,0.08433151022720724,2000000,200.0,-17.6553,0.08433151022720724,0.07785643834950336,0.09762336434075503
AR200_gap0.1_mu0.0_t18,sustained,1e-05,10,0,2000000,200.0,-12.0319,0.06542322055510304,2000000,200.0,-12.0319,0.06542322055510304,0.04854549260218834,0.07288975972226294
AR200_gap0.1_mu0.0_t19,sustained,1e-05,10,0,2000000,200.0,-3.00796,0.007974805746575307,2000000,200.0,-3.00796,0.007974805746575307,1.332842625052788e-07,0.06757579162460799
AR200_gap0.1_mu0.0_t2,sustained,1e-05,10,0,2000000,200.0,-26.4669,0.1287752165236572,2000000,200.0,-26.4669,0.1287752165236572,0.04123084207290606,0.21884403609677297
AR200_gap0.1_mu0.0_t3,sustained,1e-05,10,0,2000000,200.0,-15.2513,0.0732477220100636,2000000,200.0,-15.2513,0.0732477220100636,0.05932453449448557,0.09197777975611852
AR200_gap0.1_mu0.0_t4,sustained,1e-05,10,0,2000000,200.0,-25.7315,0.10915153391599886,2000000,200.0,-25.7315,0.10915153391599886,0.060318781217673735,0.18184094272775952
AR200_gap0.1_mu0.0_t5,sustained,1e-05,10,0,2000000,200.0,1.95536,0.014497896925906709,2000000,200.0,1.95536,0.014497896925906709,4.351105543573541e-08,0.04252135996625543
AR200_gap0.1_mu0.0_t6,sustained,1e-05,10,0,2000000,200.0,-21.8085,0.10939236838679532,2000000,200.0,-21.8085,0.10939236838679532,0.08180957394710359,0.13077352104000653
AR200_gap0.1_mu0.0_t7,sustained,1e-05,10,0,2000000,200.0,-13.756,0.0783212707458692,2000000,200.0,-13.756,0.0783212707458692,0.02614325553705029,0.11315646439582604
AR200_gap0.1_mu0.0_t8,sustained,1e-05,10,0,2000000,200.0,-6.38827,0.017748118484337327,2000000,200.0,-6.38827,0.017748118484337327,8.100896414370284e-07,0.06911175566355218
AR200_gap0.1_mu0.0_t9,sustained,1e-05,10,0,2000000,200.0,-38.7612,0.1720471175353121,2000000,200.0,-38.7612,0.1720471175353121,0.013723660583517441,0.3927727483618099
AR200_gap0.1_mu0.1_t0,sustained,1e-05,10,1,1406100,140.61,0.0598468,1.499649777377053e-06,2000000,200.0,0.0791694,0.000900580237387799,9.500308403081814e-08,0.05187954482336603
AR200_gap0.1_mu0.1_t1,sustained,1e-05,10,0,2000000,200.0,-0.392539,0.0038390908576941205,2000000,200.0,-0.392539,0.0038390908576941205,3.809329607870962e-07,0.0351986283943011
AR200_gap0.1_mu0.1_t10,sustained,1e-05,10,0,2000000,200.0,0.272791,0.0030475324540768295,2000000,200.0,0.272791,0.0030475324540768295,1.6940431605387427e-07,0.07811532817657546
AR200_gap0.1_mu0.1_t11,sustained,1e-05,10,0,2000000,200.0,-1.08323,0.002914346841363129,2000000,200.0,-1.08323,0.002914346841363129,4.101472219788073e-07,0.13930019880728295
AR200_gap0.1_mu0.1_t12,sustained,1e-05,10,0,2000000,200.0,-0.231365,0.0015777711563128196,2000000,200.0,-0.231365,0.0015777711563128196,1.5637257872998332e-07,0.03500113478000915
AR200_gap0.1_mu0.1_t13,sustained,1e-05,10,0,2000000,200.0,0.347964,0.0014962818040680863,2000000,200.0,0.347964,0.0014962818040680863,3.7436342042013656e-08,0.06353719372921293
AR200_gap0.1_mu0.1_t14,sustained,1e-05,10,0,2000000,200.0,-0.0235728,0.0008504960978831198,2000000,200.0,-0.0235728,0.0008504960978831198,3.940024716793519e-07,0.08741206648315676
AR200_gap0.1_mu0.1_t15,sustained,1e-05,10,0,2000000,200.0,0.241947,0.00350071017587291,2000000,200.0,0.241947,0.00350071017587291,4.901490142073493e-07,0.05309767430434183
AR200_gap0.1_mu0.1_t16,sustained,1e-05,10,0,2000000,200.0,0.277142,0.00197237658981296,2000000,200.0,0.277142,0.00197237658981296,2.7602228804251422e-08,0.07320804188209595
AR200_gap0.1_mu0.1_t17,sustained,1e-05,10,1,1872000,187.20000000000002,-1.84516,5.433520180424404e-06,2000000,200.0,-1.87818,0.0010246448079272775,4.5363482772909844e-08,0.088577
AR200_gap0.1_mu0.1_t18,sustained,1e-05,10,0,2000000,200.0,0.0346689,0.004346027656946781,2000000,200.0,0.0346689,0.004346027656946781,4.24031049841905e-08,0.0612709
AR200_gap0.1_mu0.1_t19,sustained,1e-05,10,0,2000000,200.0,-0.14152,0.0007514597872375668,2000000,200.0,-0.14152,0.0007514597872375668,1.4045871011521337e-06,0.040891800854845305
AR200_gap0.1_mu0.1_t2,sustained,1e-05,10,0,2000000,200.0,-0.405531,0.0017898232649737464,2000000,200.0,-0.405531,0.0017898232649737464,6.94361039364072e-07,0.14558870115749564
AR200_gap0.1_mu0.1_t3,sustained,1e-05,10,1,1833700,183.37,-0.251601,8.560382663494898e-06,2000000,200.0,-0.251278,0.0008974461930897567,1.0645503496623833e-07,0.0757752
AR200_gap0.1_mu0.1_t4,sustained,1e-05,10,0,2000000,200.0,-0.0220567,0.0006856931572216967,2000000,200.0,-0.0220567,0.0006856931572216967,2.4291422344349233e-07,0.13366989996525247
AR200_gap0.1_mu0.1_t5,sustained,1e-05,10,1,701100,70.11,0.0267485,4.944144569539424e-06,2000000,200.0,-0.0966492,0.0020971833539026943,1.0917384401240918e-08,0.0296670724564008
AR200_gap0.1_mu0.1_t6,sustained,1e-05,10,0,2000000,200.0,-0.492625,0.003754051686153193,2000000,200.0,-0.492625,0.003754051686153193,6.905820076489114e-07,0.11603314775318535
AR200_gap0.1_mu0.1_t7,sustained,1e-05,10,0,2000000,200.0,-0.663702,0.004256670502623946,2000000,200.0,-0.663702,0.004256670502623946,1.3563827824240762e-06,0.0691528
AR200_gap0.1_mu0.1_t8,sustained,1e-05,10,0,2000000,200.0,0.344139,0.0019937682363771157,2000000,200.0,0.344139,0.0019937682363771157,2.421607457616065e-07,0.06468394468686674
AR200_gap0.1_mu0.1_t9,sustained,1e-05,10,0,2000000,200.0,0.460939,0.004652383453458329,2000000,200.0,0.460939,0.004652383453458329,1.310248028112452e-06,0.21687817214634553
AR200_gap0.1_mu0.2_t0,sustained,1e-05,10,0,2000000,200.0,0.164758,0.0007568294526658565,2000000,200.0,0.164758,0.0007568294526658565,9.900634655147334e-07,0.05104711363455713
AR200_gap0.1_mu0.2_t1,sustained,1e-05,10,0,2000000,200.0,0.354357,0.005703493269817675,2000000,200.0,0.354357,0.005703493269817675,1.6789323793134284e-07,0.0346172594622946
AR200_gap0.1_mu0.2_t10,sustained,1e-05,10,0,2000000,200.0,-0.0279378,0.0039418628891333815,2000000,200.0,-0.0279378,0.0039418628891333815,2.97204337658814e-07,0.07620612626136283
AR200_gap0.1_mu0.2_t11,sustained,1e-05,10,1,1545100,154.51000000000002,-0.340061,3.6967701721136656e-06,2000000,200.0,-0.418219,0.0037412491614696322,3.003197070084804e-08,0.138177
AR200_gap0.1_mu0.2_t12,sustained,1e-05,10,0,2000000,200.0,-0.762273,0.023351300727645304,2000000,200.0,-0.762273,0.023351300727645304,6.559710685277666e-07,0.04109601998098989
AR200_gap0.1_mu0.2_t13,sustained,1e-05,10,0,2000000,200.0,-0.361031,0.006258005415649453,2000000,200.0,-0.361031,0.006258005415649453,7.314978477508888e-08,0.06702507293711288
AR200_gap0.1_mu0.2_t14,sustained,1e-05,10,1,1963000,196.3,-0.260434,7.951241758816537e-06,2000000,200.0,-0.254921,0.0007198279210722133,9.879399653359904e-08,0.08741206648315676
AR200_gap0.1_mu0.2_t15,sustained,1e-05,10,0,2000000,200.0,0.132734,0.0022718849912101297,2000000,200.0,0.132734,0.0022718849912101297,1.0931325066611047e-07,0.04992869224436889
AR200_gap0.1_mu0.2_t16,sustained,1e-05,10,0,2000000,200.0,0.344957,0.0052636206177990395,2000000,200.0,0.344957,0.0052636206177990395,4.6387324924681075e-07,0.07256448983506512
AR200_gap0.1_mu0.2_t17,sustained,1e-05,10,0,2000000,200.0,-1.11948,0.003061733747622202,2000000,200.0,-1.11948,0.003061733747622202,3.2048041151744896e-07,0.088577
AR200_gap0.1_mu0.2_t18,sustained,1e-05,10,0,2000000,200.0,-0.411892,0.0007632134359041364,2000000,200.0,-0.411892,0.0007632134359041364,8.503373435525541e-07,0.0612709
AR200_gap0.1_mu0.2_t19,sustained,1e-05,10,0,2000000,200.0,0.184765,0.003229082754202785,2000000,200.0,0.184765,0.003229082754202785,1.337492466250631e-07,0.042155522536749
AR200_gap0.1_mu0.2_t2,sustained,1e-05,10,0,2000000,200.0,0.132345,0.017444041236315128,2000000,200.0,0.132345,0.017444041236315128,2.987655200419368e-06,0.130311
AR200_gap0.1_mu0.2_t3,sustained,1e-05,10,0,2000000,200.0,0.120688,0.0037128505573981348,2000000,200.0,0.120688,0.0037128505573981348,4.1210046538133014e-07,0.0757752
AR200_gap0.1_mu0.2_t4,sustained,1e-05,10,0,2000000,200.0,-0.313692,0.0004164883773790784,2000000,200.0,-0.313692,0.0004164883773790784,4.0173654510488026e-07,0.13366989996525247
AR200_gap0.1_mu0.2_t5,sustained,1e-05,10,0,2000000,200.0,0.0670334,0.0006963595460528807,2000000,200.0,0.0670334,0.0006963595460528807,4.6406431564779277e-07,0.0371388940131684
AR200_gap0.1_mu0.2_t6,sustained,1e-05,10,0,2000000,200.0,-0.591636,0.004934054895956701,2000000,200.0,-0.591636,0.004934054895956701,5.639593146419125e-07,0.11603314775318535
AR200_gap0.1_mu0.2_t7,sustained,1e-05,10,1,1313400,131.34,-0.0398428,9.843452847138803e-06,2000000,200.0,-0.0659306,0.0007540063284541879,1.5950737627171418e-07,0.0692498919632879
AR200_gap0.1_mu0.2_t8,sustained,1e-05,10,0,2000000,200.0,0.73971,0.006244846641548565,2000000,200.0,0.73971,0.006244846641548565,1.3270171551752188e-06,0.06470334458399621
AR200_gap0.1_mu0.2_t9,sustained,1e-05,10,0,2000000,200.0,0.759638,0.015641614614054878,2000000,200.0,0.759638,0.015641614614054878,1.845349809158494e-06,0.21687817214634553
AR200_gap0.1_mu0.4_t0,sustained,1e-05,10,0,2000000,200.0,-1.03507,0.002811780719124051,2000000,200.0,-1.03507,0.002811780719124051,2.1190695637635744e-06,0.1217469666535762
AR200_gap0.1_mu0.4_t1,sustained,1e-05,10,0,2000000,200.0,0.509443,0.004479587084867661,2000000,200.0,0.509443,0.004479587084867661,3.6084223879130677e-07,0.034168001639924596
AR200_gap0.1_mu0.4_t10,sustained,1e-05,10,1,1697600,169.76000000000002,0.327409,4.748376457695694e-06,2000000,200.0,0.310658,0.0015247930237945579,1.2879157245630074e-07,0.07620612626136283
AR200_gap0.1_mu0.4_t11,sustained,1e-05,10,0,2000000,200.0,-0.3333,0.0013260924795463207,2000000,200.0,-0.3333,0.0013260924795463207,5.033230856224969e-07,0.138177
AR200_gap0.1_mu0.4_t12,sustained,1e-05,10,0,2000000,200.0,-0.398662,0.000989515149979097,2000000,200.0,-0.398662,0.000989515149979097,8.05065315699616e-07,0.03960113906233974
AR200_gap0.1_mu0.4_t13,sustained,1e-05,10,0,2000000,200.0,0.166725,0.0006300202786869562,2000000,200.0,0.166725,0.0006300202786869562,4.899946432876997e-05,0.05918745001031855
AR200_gap0.1_mu0.4_t14,sustained,1e-05,10,0,2000000,200.0,-0.15483,0.0020274045677956118,2000000,200.0,-0.15483,0.0020274045677956118,4.850524794270615e-07,0.08741206648315676
AR200_gap0.1_mu0.4_t15,sustained,1e-05,10,0,2000000,200.0,-0.16042,0.0020553714304415464,2000000,200.0,-0.16042,0.0020553714304415464,2.503059718300237e-06,0.04607133787803624
AR200_gap0.1_mu0.4_t16,sustained,1e-05,10,0,2000000,200.0,0.239263,0.0024282362629511446,2000000,200.0,0.239263,0.0024282362629511446,4.7009584187374456e-07,0.07256448983506512
AR200_gap0.1_mu0.4_t17,sustained,1e-05,10,1,1304700,130.47,-0.346254,6.1130329745713976e-06,2000000,200.0,-0.327548,0.0018380355980380672,4.360716980970382e-07,0.088577
AR200_gap0.1_mu0.4_t18,sustained,1e-05,10,0,2000000,200.0,-0.0138622,0.0015543807292473968,2000000,200.0,-0.0138622,0.0015543807292473968,8.764324758721677e-07,0.0612709
AR200_gap0.1_mu0.4_t19,sustained,1e-05,10,0,2000000,200.0,-0.684304,0.0002423084614959436,2000000,200.0,-0.684304,0.0002423084614959436,4.537849923102669e-07,0.03856138979693525
AR200_gap0.1_mu0.4_t2,sustained,1e-05,10,0,2000000,200.0,-0.482372,0.002218970065564138,2000000,200.0,-0.482372,0.002218970065564138,3.4327794890454645e-06,0.130311
AR200_gap0.1_mu0.4_t3,sustained,1e-05,10,0,2000000,200.0,-0.297039,0.007172108804170411,2000000,200.0,-0.297039,0.007172108804170411,3.2632637741227552e-06,0.0757752
AR200_gap0.1_mu0.4_t4,sustained,1e-05,10,0,2000000,200.0,0.14409,0.0071034465995615135,2000000,200.0,0.14409,0.0071034465995615135,1.3266371959465132e-06,0.13366989996525247
AR200_gap0.1_mu0.4_t5,sustained,1e-05,10,1,1990000,199.0,0.47191,5.6173911420129e-06,2000000,200.0,0.472208,0.00016756646723858605,2.833789345225513e-07,0.050634079872757407
AR200_gap0.1_mu0.4_t6,sustained,1e-05,10,0,2000000,200.0,-0.00344797,0.00037163032021164585,2000000,200.0,-0.00344797,0.00037163032021164585,4.836081273509548e-07,0.11603314775318535
AR200_gap0.1_mu0.4_t7,sustained,1e-05,10,0,2000000,200.0,-0.202461,0.000938374120217416,2000000,200.0,-0.202461,0.000938374120217416,5.202268988577501e-07,0.0711763282050532
AR200_gap0.1_mu0.4_t8,sustained,1e-05,10,1,1916600,191.66,-0.0342594,4.383885354042333e-06,2000000,200.0,-0.0205306,0.00302360759439397,2.9245691634803583e-07,0.053187283136582136
AR200_gap0.1_mu0.4_t9,sustained,1e-05,10,0,2000000,200.0,-0.041986,0.00118723583388094,2000000,200.0,-0.041986,0.00118723583388094,3.3083808453069404e-07,0.21687817214634553
AR200_gap0.1_mu1.0_t0,sustained,1e-05,10,0,2000000,200.0,0.0909175,0.005433173424813304,2000000,200.0,0.0909175,0.005433173424813304,2.2880793485309222e-07,0.09761162197987314
AR200_gap0.1_mu1.0_t1,sustained,1e-05,10,1,854500,85.45,-0.0148456,6.163528721802561e-06,2000000,200.0,-0.108062,0.0026483134587109687,8.285355294992448e-07,0.03064
AR200_gap0.1_mu1.0_t10,sustained,1e-05,10,1,1402700,140.27,-0.246126,4.7731794728439925e-06,2000000,200.0,-0.213798,0.0017010169839575488,4.358095224998339e-08,0.07620612626136283
AR200_gap0.1_mu1.0_t11,sustained,1e-05,10,1,1634600,163.46,-0.0789804,4.138273583577969e-06,2000000,200.0,-0.0701562,0.004930407794504294,1.0361821918820593e-07,0.138177
AR200_gap0.1_mu1.0_t12,sustained,1e-05,10,0,2000000,200.0,-0.234303,0.005555016112657272,2000000,200.0,-0.234303,0.005555016112657272,2.1720582109106355e-06,0.03960113906233974
AR200_gap0.1_mu1.0_t13,sustained,1e-05,10,1,1777100,177.71,-0.0205476,3.4575965193137125e-06,2000000,200.0,-0.0184783,0.003507081742076255,1.0935007726923813e-07,0.0567949729801294
AR200_gap0.1_mu1.0_t14,sustained,1e-05,10,0,2000000,200.0,0.0941865,0.0004282319861533039,2000000,200.0,0.0941865,0.0004282319861533039,7.1143558590749684e-06,0.08741206648315676
AR200_gap0.1_mu1.0_t15,sustained,1e-05,10,0,2000000,200.0,-0.114213,0.00019280821017524666,2000000,200.0,-0.114213,0.00019280821017524666,1.8945660375856784e-06,0.04607133787803624
AR200_gap0.1_mu1.0_t16,sustained,1e-05,10,0,2000000,200.0,0.723672,0.008208106427596139,2000000,200.0,0.723672,0.008208106427596139,3.3659276402673542e-06,0.07256448983506512
AR200_gap0.1_mu1.0_t17,sustained,1e-05,10,0,2000000,200.0,-0.317267,0.0006147166684058039,2000000,200.0,-0.317267,0.0006147166684058039,1.5487414039013045e-06,0.088577
AR200_gap0.1_mu1.0_t18,sustained,1e-05,10,0,2000000,200.0,-0.139876,0.002360954399580738,2000000,200.0,-0.139876,0.002360954399580738,2.925155804237218e-07,0.0612709
AR200_gap0.1_mu1.0_t19,sustained,1e-05,10,0,2000000,200.0,0.144683,0.008142839775027133,2000000,200.0,0.144683,0.008142839775027133,5.827786536260083e-07,0.03856138979693525
AR200_gap0.1_mu1.0_t2,sustained,1e-05,10,0,2000000,200.0,-0.326068,0.007961157662212209,2000000,200.0,-0.326068,0.007961157662212209,7.513033117726234e-09,0.130311
AR200_gap0.1_mu1.0_t3,sustained,1e-05,10,0,2000000,200.0,-0.0744474,0.0020022631594375827,2000000,200.0,-0.0744474,0.0020022631594375827,1.2128024003835625e-05,0.0757752
AR200_gap0.1_mu1.0_t4,sustained,1e-05,10,0,2000000,200.0,-0.0188022,0.0004448340862768047,2000000,200.0,-0.0188022,0.0004448340862768047,4.3231819011843066e-07,0.13366989996525247
AR200_gap0.1_mu1.0_t5,sustained,1e-05,10,1,1779100,177.91,0.0129567,1.1643809253228648e-07,2000000,200.0,-0.00120979,0.001242858954502453,1.1643809253228648e-07,0.049568096609739
AR200_gap0.1_mu1.0_t6,sustained,1e-05,10,0,2000000,200.0,0.231662,0.004877719964302265,2000000,200.0,0.231662,0.004877719964302265,2.801792835140397e-06,0.11603314775318535
AR200_gap0.1_mu1.0_t7,sustained,1e-05,10,0,2000000,200.0,-0.470077,0.0010550025572493306,2000000,200.0,-0.470077,0.0010550025572493306,2.4514886040357197e-06,0.0691528
AR200_gap0.1_mu1.0_t8,sustained,1e-05,10,1,1022500,102.25,0.139027,8.473672075729973e-06,2000000,200.0,0.162428,0.0004524493507114826,7.494190322971175e-07,0.053187283136582136
AR200_gap0.1_mu1.0_t9,sustained,1e-05,10,0,2000000,200.0,1.347,0.0017002462563189902,2000000,200.0,1.347,0.0017002462563189902,3.879747744472319e-06,0.21687817214634553
